{"hex":"#7b3f00","hsv":{"h":30.731707317073173,"s":1,"v":0.4823529411764706},"lab":{"a":22.291192267004185,"b":43.79578635109095,"l":33.493214454331614},"lch":{"c":49.14232549233859,"h":63.02480273450554,"l":33.493214454331614},"name":"sienna","relations":{"analogous":["#8f2c27","#5c4e00"],"complement":"#005c94","shades":["#7b3f00","#642c00","#4f1900","#3d0400","#330000"],"tints":["#7b3f00","#ab672b","#dc9254","#ffbe7e","#ffedab"],"triadic":["#006052","#524291"]},"rgb":{"b":0,"g":63,"r":123}}